image_path,labels
data\pilot\images\broken_light\Image_21.jpg,broken_light
data\pilot\images\broken_light\Image_84.jpg,broken_light
data\pilot\images\broken_light\Image_52.jpg,broken_light
data\pilot\images\broken_light\Image_69.jpg,broken_light
data\pilot\images\broken_light\Image_29.jpg,broken_light
data\pilot\images\broken_light\Image_134.jpg,broken_light
data\pilot\images\broken_light\Image_115.jpg,broken_light
data\pilot\images\broken_light\Image_127.jpg,broken_light
data\pilot\images\broken_light\Image_32.jpg,broken_light
data\pilot\images\broken_light\Image_17.jpg,broken_light
data\pilot\images\broken_light\Image_54.jpg,broken_light
data\pilot\images\broken_light\Image_42.jpg,broken_light
data\pilot\images\broken_light\Image_1.jpg,broken_light
data\pilot\images\broken_light\Image_91.jpg,broken_light
data\pilot\images\broken_light\Image_64.jpg,broken_light
data\pilot\images\broken_light\Image_138.jpg,broken_light
data\pilot\images\broken_light\Image_145.jpg,broken_light
data\pilot\images\broken_light\Image_70.jpg,broken_light
data\pilot\images\broken_light\Image_95.jpg,broken_light
data\pilot\images\broken_light\Image_40.jpg,broken_light
data\pilot\images\broken_light\Image_100.jpg,broken_light
data\pilot\images\broken_light\Image_74.jpg,broken_light
data\pilot\images\broken_light\Image_149.jpg,broken_light
data\pilot\images\broken_light\Image_3.jpg,broken_light
data\pilot\images\broken_light\Image_62.jpg,broken_light
data\pilot\images\broken_light\Image_15.jpg,broken_light
data\pilot\images\broken_light\Image_16.jpg,broken_light
data\pilot\images\broken_light\Image_101.jpg,broken_light
data\pilot\images\broken_light\Image_135.jpg,broken_light
data\pilot\images\broken_light\Image_85.jpg,broken_light
data\pilot\images\broken_light\Image_49.jpg,broken_light
data\pilot\images\broken_light\Image_80.jpg,broken_light
data\pilot\images\broken_light\Image_147.jpg,broken_light
data\pilot\images\broken_light\Image_129.jpg,broken_light
data\pilot\images\broken_light\Image_87.jpg,broken_light
data\pilot\images\broken_light\Image_111.jpg,broken_light
data\pilot\images\broken_light\Image_92.jpg,broken_light
data\pilot\images\broken_light\Image_83.jpg,broken_light
data\pilot\images\broken_light\Image_19.jpg,broken_light
data\pilot\images\broken_light\Image_73.jpg,broken_light
data\pilot\images\broken_light\Image_48.jpg,broken_light
data\pilot\images\broken_light\Image_36.jpg,broken_light
data\pilot\images\broken_light\Image_24.jpg,broken_light
data\pilot\images\broken_light\Image_39.jpg,broken_light
data\pilot\images\broken_light\Image_57.jpg,broken_light
data\pilot\images\broken_light\Image_47.jpg,broken_light
data\pilot\images\broken_light\Image_113.jpg,broken_light
data\pilot\images\broken_light\Image_30.jpg,broken_light
data\pilot\images\broken_light\Image_20.jpg,broken_light
data\pilot\images\broken_light\Image_148.jpeg,broken_light
data\pilot\images\broken_light\Image_96.jpg,broken_light
data\pilot\images\broken_light\Image_71.jpg,broken_light
data\pilot\images\broken_light\Image_22.jpg,broken_light
data\pilot\images\broken_light\Image_8.jpg,broken_light
data\pilot\images\broken_light\Image_27.jpeg,broken_light
data\pilot\images\broken_light\Image_51.jpg,broken_light
data\pilot\images\broken_light\Image_81.jpg,broken_light
data\pilot\images\broken_light\Image_132.png,broken_light
data\pilot\images\broken_light\Image_45.jpg,broken_light
data\pilot\images\broken_light\Image_7.jpg,broken_light
data\pilot\images\broken_light\Image_2.jpg,broken_light
data\pilot\images\broken_light\Image_114.jpg,broken_light
data\pilot\images\broken_light\Image_122.jpg,broken_light
data\pilot\images\broken_light\Image_78.jpg,broken_light
data\pilot\images\broken_light\Image_102.jpg,broken_light
data\pilot\images\broken_light\Image_41.jpg,broken_light
data\pilot\images\broken_light\Image_89.jpg,broken_light
data\pilot\images\broken_light\Image_137.jpg,broken_light
data\pilot\images\broken_light\Image_99.jpg,broken_light
data\pilot\images\broken_light\Image_63.jpg,broken_light
data\pilot\images\broken_light\Image_4.jpg,broken_light
data\pilot\images\broken_light\Image_86.jpg,broken_light
data\pilot\images\broken_light\Image_37.jpg,broken_light
data\pilot\images\broken_light\Image_128.jpg,broken_light
data\pilot\images\broken_light\Image_58.jpg,broken_light
data\pilot\images\broken_light\Image_119.jpg,broken_light
data\pilot\images\broken_light\Image_107.jpg,broken_light
data\pilot\images\broken_light\Image_130.jpg,broken_light
data\pilot\images\broken_light\Image_93.jpeg,broken_light
data\pilot\images\broken_light\Image_66.jpg,broken_light
data\pilot\images\garbage\Image_191.jpg,garbage
data\pilot\images\garbage\Image_334.jpg,garbage
data\pilot\images\garbage\Image_50.jpg,garbage
data\pilot\images\garbage\Image_177.jpg,garbage
data\pilot\images\garbage\Image_105.jpg,garbage
data\pilot\images\garbage\Image_184.jpg,garbage
data\pilot\images\garbage\Image_221.jpg,garbage
data\pilot\images\garbage\Image_132.jpg,garbage
data\pilot\images\garbage\Image_321.jpg,garbage
data\pilot\images\garbage\Image_136.jpg,garbage
data\pilot\images\garbage\Image_366.jpg,garbage
data\pilot\images\garbage\Image_225.jpg,garbage
data\pilot\images\garbage\Image_147.jpeg,garbage
data\pilot\images\garbage\Image_307.jpg,garbage
data\pilot\images\garbage\Image_90.jpg,garbage
data\pilot\images\garbage\Image_279.jpg,garbage
data\pilot\images\garbage\Image_244.jpg,garbage
data\pilot\images\garbage\Image_86.jpg,garbage
data\pilot\images\garbage\Image_124.jpg,garbage
data\pilot\images\garbage\Image_335.jpg,garbage
data\pilot\images\garbage\Image_318.jpg,garbage
data\pilot\images\garbage\Image_377.jpg,garbage
data\pilot\images\garbage\Image_201.jpg,garbage
data\pilot\images\garbage\Image_341.jpg,garbage
data\pilot\images\garbage\Image_327.jpg,garbage
data\pilot\images\garbage\Image_88.jpg,garbage
data\pilot\images\garbage\Image_67.jpg,garbage
data\pilot\images\garbage\Image_57.jpg,garbage
data\pilot\images\garbage\Image_106.jpg,garbage
data\pilot\images\garbage\Image_292.jpg,garbage
data\pilot\images\garbage\Image_293.jpg,garbage
data\pilot\images\garbage\Image_64.jpg,garbage
data\pilot\images\garbage\Image_79.jpg,garbage
data\pilot\images\garbage\Image_151.jpg,garbage
data\pilot\images\garbage\Image_373.jpeg,garbage
data\pilot\images\garbage\Image_21.jpg,garbage
data\pilot\images\garbage\Image_202.jpg,garbage
data\pilot\images\garbage\Image_133.jpg,garbage
data\pilot\images\garbage\Image_391.jpg,garbage
data\pilot\images\garbage\Image_35.jpg,garbage
data\pilot\images\garbage\Image_302.jpg,garbage
data\pilot\images\garbage\Image_289.jpg,garbage
data\pilot\images\garbage\Image_285.jpg,garbage
data\pilot\images\garbage\Image_18.jpg,garbage
data\pilot\images\garbage\Image_253.jpg,garbage
data\pilot\images\garbage\Image_255.jpg,garbage
data\pilot\images\garbage\Image_120.jpg,garbage
data\pilot\images\garbage\Image_361.jpg,garbage
data\pilot\images\garbage\Image_139.jpg,garbage
data\pilot\images\garbage\Image_260.jpg,garbage
data\pilot\images\garbage\Image_53.jpg,garbage
data\pilot\images\garbage\Image_286.jpg,garbage
data\pilot\images\garbage\Image_171.jpg,garbage
data\pilot\images\garbage\Image_267.jpg,garbage
data\pilot\images\garbage\Image_91.jpg,garbage
data\pilot\images\garbage\Image_145.png,garbage
data\pilot\images\garbage\Image_236.jpg,garbage
data\pilot\images\garbage\Image_370.png,garbage
data\pilot\images\garbage\Image_118.jpg,garbage
data\pilot\images\garbage\Image_152.jpg,garbage
data\pilot\images\garbage\Image_175.jpg,garbage
data\pilot\images\garbage\Image_258.jpeg,garbage
data\pilot\images\garbage\Image_231.JPG,garbage
data\pilot\images\garbage\Image_160.jpg,garbage
data\pilot\images\garbage\Image_119.jpg,garbage
data\pilot\images\garbage\Image_188.jpg,garbage
data\pilot\images\garbage\Image_265.png,garbage
data\pilot\images\garbage\Image_178.jpg,garbage
data\pilot\images\garbage\Image_252.jpg,garbage
data\pilot\images\garbage\Image_306.jpg,garbage
data\pilot\images\garbage\Image_110.jpg,garbage
data\pilot\images\garbage\Image_37.jpg,garbage
data\pilot\images\garbage\Image_240.jpg,garbage
data\pilot\images\garbage\Image_14.jpg,garbage
data\pilot\images\garbage\Image_65.jpg,garbage
data\pilot\images\garbage\Image_80.jpg,garbage
data\pilot\images\garbage\Image_294.jpeg,garbage
data\pilot\images\garbage\Image_266.jpg,garbage
data\pilot\images\garbage\Image_33.jpg,garbage
data\pilot\images\garbage\Image_69.jpeg,garbage
data\pilot\images\potholes\Image_124.jpg,potholes
data\pilot\images\potholes\Image_201.jpg,potholes
data\pilot\images\potholes\Image_374.jpg,potholes
data\pilot\images\potholes\Image_210.jpg,potholes
data\pilot\images\potholes\Image_166.jpg,potholes
data\pilot\images\potholes\Image_353.jpg,potholes
data\pilot\images\potholes\Image_300.jpg,potholes
data\pilot\images\potholes\Image_236.jpg,potholes
data\pilot\images\potholes\Image_303.jpg,potholes
data\pilot\images\potholes\Image_252.jpg,potholes
data\pilot\images\potholes\Image_136.jpg,potholes
data\pilot\images\potholes\Image_350.jpg,potholes
data\pilot\images\potholes\Image_25.png,potholes
data\pilot\images\potholes\Image_72.jpg,potholes
data\pilot\images\potholes\Image_186.jpg,potholes
data\pilot\images\potholes\Image_264.jpg,potholes
data\pilot\images\potholes\Image_60.jpg,potholes
data\pilot\images\potholes\Image_144.jpg,potholes
data\pilot\images\potholes\Image_284.jpg,potholes
data\pilot\images\potholes\Image_182.jpg,potholes
data\pilot\images\potholes\Image_132.jpg,potholes
data\pilot\images\potholes\Image_41.jpeg,potholes
data\pilot\images\potholes\Image_329.jpg,potholes
data\pilot\images\potholes\Image_327.jpg,potholes
data\pilot\images\potholes\Image_107.jpg,potholes
data\pilot\images\potholes\Image_2.jpg,potholes
data\pilot\images\potholes\Image_218.jpg,potholes
data\pilot\images\potholes\Image_167.jpg,potholes
data\pilot\images\potholes\Image_115.jpg,potholes
data\pilot\images\potholes\Image_333.jpg,potholes
data\pilot\images\potholes\Image_106.jpg,potholes
data\pilot\images\potholes\Image_330.jpg,potholes
data\pilot\images\potholes\Image_262.jpg,potholes
data\pilot\images\potholes\Image_134.jpg,potholes
data\pilot\images\potholes\Image_267.jpg,potholes
data\pilot\images\potholes\Image_192.jpg,potholes
data\pilot\images\potholes\Image_77.jpg,potholes
data\pilot\images\potholes\Image_266.jpg,potholes
data\pilot\images\potholes\Image_323.png,potholes
data\pilot\images\potholes\Image_256.jpg,potholes
data\pilot\images\potholes\Image_160.jpg,potholes
data\pilot\images\potholes\Image_113.jpg,potholes
data\pilot\images\potholes\Image_265.jpg,potholes
data\pilot\images\potholes\Image_22.jpg,potholes
data\pilot\images\potholes\Image_306.jpg,potholes
data\pilot\images\potholes\Image_221.jpg,potholes
data\pilot\images\potholes\Image_254.jpg,potholes
data\pilot\images\potholes\Image_282.jpg,potholes
data\pilot\images\potholes\Image_148.jpg,potholes
data\pilot\images\potholes\Image_40.jpg,potholes
data\pilot\images\potholes\Image_176.jpg,potholes
data\pilot\images\potholes\Image_272.jpg,potholes
data\pilot\images\potholes\Image_174.jpg,potholes
data\pilot\images\potholes\Image_194.jpg,potholes
data\pilot\images\potholes\Image_302.jpg,potholes
data\pilot\images\potholes\Image_368.jpg,potholes
data\pilot\images\potholes\Image_310.jpg,potholes
data\pilot\images\potholes\Image_242.jpg,potholes
data\pilot\images\potholes\Image_385.jpg,potholes
data\pilot\images\potholes\Image_112.jpg,potholes
data\pilot\images\potholes\Image_14.jpg,potholes
data\pilot\images\potholes\Image_375.jpg,potholes
data\pilot\images\potholes\Image_111.jpg,potholes
data\pilot\images\potholes\Image_390.jpg,potholes
data\pilot\images\potholes\Image_198.jpg,potholes
data\pilot\images\potholes\Image_55.JPG,potholes
data\pilot\images\potholes\Image_27.jpg,potholes
data\pilot\images\potholes\Image_345.jpg,potholes
data\pilot\images\potholes\Image_154.jpg,potholes
data\pilot\images\potholes\Image_220.jpg,potholes
data\pilot\images\potholes\Image_183.jpg,potholes
data\pilot\images\potholes\Image_147.png,potholes
data\pilot\images\potholes\Image_308.jpg,potholes
data\pilot\images\potholes\Image_263.jpg,potholes
data\pilot\images\potholes\Image_120.jpg,potholes
data\pilot\images\potholes\Image_215.jpg,potholes
data\pilot\images\potholes\Image_328.jpg,potholes
data\pilot\images\potholes\Image_90.jpg,potholes
data\pilot\images\potholes\Image_172.jpg,potholes
data\pilot\images\potholes\Image_317.png,potholes
data\pilot\images\tree_fall\Image_97.jpg,tree_fall
data\pilot\images\tree_fall\Image_219.jpg,tree_fall
data\pilot\images\tree_fall\Image_355.jpg,tree_fall
data\pilot\images\tree_fall\Image_120.jpg,tree_fall
data\pilot\images\tree_fall\Image_199.jpg,tree_fall
data\pilot\images\tree_fall\Image_251.jpg,tree_fall
data\pilot\images\tree_fall\Image_163.jpg,tree_fall
data\pilot\images\tree_fall\Image_158.jpg,tree_fall
data\pilot\images\tree_fall\Image_96.jpg,tree_fall
data\pilot\images\tree_fall\Image_41.jpg,tree_fall
data\pilot\images\tree_fall\Image_130.jpg,tree_fall
data\pilot\images\tree_fall\Image_313.jpeg,tree_fall
data\pilot\images\tree_fall\Image_32.jpg,tree_fall
data\pilot\images\tree_fall\Image_189.jpg,tree_fall
data\pilot\images\tree_fall\Image_50.jpg,tree_fall
data\pilot\images\tree_fall\Image_260.jpg,tree_fall
data\pilot\images\tree_fall\Image_257.jpeg,tree_fall
data\pilot\images\tree_fall\Image_112.jpg,tree_fall
data\pilot\images\tree_fall\Image_174.jpg,tree_fall
data\pilot\images\tree_fall\Image_332.jpg,tree_fall
data\pilot\images\tree_fall\Image_323.jpg,tree_fall
data\pilot\images\tree_fall\Image_393.jpg,tree_fall
data\pilot\images\tree_fall\Image_137.jpg,tree_fall
data\pilot\images\tree_fall\Image_268.jpg,tree_fall
data\pilot\images\tree_fall\Image_347.png,tree_fall
data\pilot\images\tree_fall\Image_102.jpg,tree_fall
data\pilot\images\tree_fall\Image_19.jpg,tree_fall
data\pilot\images\tree_fall\Image_270.JPG,tree_fall
data\pilot\images\tree_fall\Image_279.jpg,tree_fall
data\pilot\images\tree_fall\Image_280.jpg,tree_fall
data\pilot\images\tree_fall\Image_192.jpg,tree_fall
data\pilot\images\tree_fall\Image_145.jpg,tree_fall
data\pilot\images\tree_fall\Image_249.jpg,tree_fall
data\pilot\images\tree_fall\Image_254.jpg,tree_fall
data\pilot\images\tree_fall\Image_278.jpg,tree_fall
data\pilot\images\tree_fall\Image_328.jpg,tree_fall
data\pilot\images\tree_fall\Image_124.jpg,tree_fall
data\pilot\images\tree_fall\Image_345.jpg,tree_fall
data\pilot\images\tree_fall\Image_157.jpg,tree_fall
data\pilot\images\tree_fall\Image_104.jpg,tree_fall
data\pilot\images\tree_fall\Image_282.jpg,tree_fall
data\pilot\images\tree_fall\Image_106.jpg,tree_fall
data\pilot\images\tree_fall\Image_44.jpg,tree_fall
data\pilot\images\tree_fall\Image_269.jpg,tree_fall
data\pilot\images\tree_fall\Image_11.jpeg,tree_fall
data\pilot\images\tree_fall\Image_310.jpg,tree_fall
data\pilot\images\tree_fall\Image_94.jpg,tree_fall
data\pilot\images\tree_fall\Image_45.jpg,tree_fall
data\pilot\images\tree_fall\Image_85.jpg,tree_fall
data\pilot\images\tree_fall\Image_111.jpg,tree_fall
data\pilot\images\tree_fall\Image_304.jpg,tree_fall
data\pilot\images\tree_fall\Image_185.jpg,tree_fall
data\pilot\images\tree_fall\Image_62.jpg,tree_fall
data\pilot\images\tree_fall\Image_358.png,tree_fall
data\pilot\images\tree_fall\Image_259.jpg,tree_fall
data\pilot\images\tree_fall\Image_54.jpg,tree_fall
data\pilot\images\tree_fall\Image_263.jpg,tree_fall
data\pilot\images\tree_fall\Image_198.JPG,tree_fall
data\pilot\images\tree_fall\Image_81.jpg,tree_fall
data\pilot\images\tree_fall\Image_265.jpg,tree_fall
data\pilot\images\tree_fall\Image_267.jpg,tree_fall
data\pilot\images\tree_fall\Image_273.jpg,tree_fall
data\pilot\images\tree_fall\Image_399.jpg,tree_fall
data\pilot\images\tree_fall\Image_61.jpg,tree_fall
data\pilot\images\tree_fall\Image_100.jpg,tree_fall
data\pilot\images\tree_fall\Image_159.jpg,tree_fall
data\pilot\images\tree_fall\Image_367.jpg,tree_fall
data\pilot\images\tree_fall\Image_7.jpeg,tree_fall
data\pilot\images\tree_fall\Image_196.jpg,tree_fall
data\pilot\images\tree_fall\Image_350.jpg,tree_fall
data\pilot\images\tree_fall\Image_346.jpg,tree_fall
data\pilot\images\tree_fall\Image_255.jpg,tree_fall
data\pilot\images\tree_fall\Image_143.jpg,tree_fall
data\pilot\images\tree_fall\Image_242.jpg,tree_fall
data\pilot\images\tree_fall\Image_191.jpg,tree_fall
data\pilot\images\tree_fall\Image_180.jpg,tree_fall
data\pilot\images\tree_fall\Image_362.jpg,tree_fall
data\pilot\images\tree_fall\Image_148.jpg,tree_fall
data\pilot\images\tree_fall\Image_68.jpg,tree_fall
data\pilot\images\tree_fall\Image_167.jpg,tree_fall
data\pilot\images\water_leak\Image_127.jpg,water_leak
data\pilot\images\water_leak\Image_376.jpg,water_leak
data\pilot\images\water_leak\Image_363.jpg,water_leak
data\pilot\images\water_leak\Image_321.jpg,water_leak
data\pilot\images\water_leak\Image_173.jpg,water_leak
data\pilot\images\water_leak\Image_225.jpeg,water_leak
data\pilot\images\water_leak\Image_224.jpg,water_leak
data\pilot\images\water_leak\Image_74.jpg,water_leak
data\pilot\images\water_leak\Image_288.jpg,water_leak
data\pilot\images\water_leak\Image_139.jpg,water_leak
data\pilot\images\water_leak\Image_381.jpg,water_leak
data\pilot\images\water_leak\Image_249.jpg,water_leak
data\pilot\images\water_leak\Image_28.jpg,water_leak
data\pilot\images\water_leak\Image_199.jpg,water_leak
data\pilot\images\water_leak\Image_24.jpg,water_leak
data\pilot\images\water_leak\Image_11.jpeg,water_leak
data\pilot\images\water_leak\Image_385.png,water_leak
data\pilot\images\water_leak\Image_55.jpg,water_leak
data\pilot\images\water_leak\Image_93.jpeg,water_leak
data\pilot\images\water_leak\Image_100.jpg,water_leak
data\pilot\images\water_leak\Image_138.jpg,water_leak
data\pilot\images\water_leak\Image_354.jpg,water_leak
data\pilot\images\water_leak\Image_156.jpg,water_leak
data\pilot\images\water_leak\Image_269.jpg,water_leak
data\pilot\images\water_leak\Image_157.jpg,water_leak
data\pilot\images\water_leak\Image_67.jpg,water_leak
data\pilot\images\water_leak\Image_27.jpeg,water_leak
data\pilot\images\water_leak\Image_176.jpg,water_leak
data\pilot\images\water_leak\Image_375.jpg,water_leak
data\pilot\images\water_leak\Image_44.jpg,water_leak
data\pilot\images\water_leak\Image_87.jpg,water_leak
data\pilot\images\water_leak\Image_226.jpg,water_leak
data\pilot\images\water_leak\Image_22.jpg,water_leak
data\pilot\images\water_leak\Image_148.jpg,water_leak
data\pilot\images\water_leak\Image_188.png,water_leak
data\pilot\images\water_leak\Image_302.jpg,water_leak
data\pilot\images\water_leak\Image_149.jpg,water_leak
data\pilot\images\water_leak\Image_183.png,water_leak
data\pilot\images\water_leak\Image_23.jpg,water_leak
data\pilot\images\water_leak\Image_247.jpg,water_leak
data\pilot\images\water_leak\Image_237.jpg,water_leak
data\pilot\images\water_leak\Image_63.jpg,water_leak
data\pilot\images\water_leak\Image_331.jpg,water_leak
data\pilot\images\water_leak\Image_373.png,water_leak
data\pilot\images\water_leak\Image_263.png,water_leak
data\pilot\images\water_leak\Image_281.jpg,water_leak
data\pilot\images\water_leak\Image_339.png,water_leak
data\pilot\images\water_leak\Image_332.jpg,water_leak
data\pilot\images\water_leak\Image_223.jpg,water_leak
data\pilot\images\water_leak\Image_196.png,water_leak
data\pilot\images\water_leak\Image_313.jpeg,water_leak
data\pilot\images\water_leak\Image_311.jpg,water_leak
data\pilot\images\water_leak\Image_68.jpg,water_leak
data\pilot\images\water_leak\Image_306.jpg,water_leak
data\pilot\images\water_leak\Image_211.jpg,water_leak
data\pilot\images\water_leak\Image_187.jpg,water_leak
data\pilot\images\water_leak\Image_101.jpg,water_leak
data\pilot\images\water_leak\Image_186.jpg,water_leak
data\pilot\images\water_leak\Image_236.png,water_leak
data\pilot\images\water_leak\Image_292.jpg,water_leak
data\pilot\images\water_leak\Image_10.png,water_leak
data\pilot\images\water_leak\Image_142.jpg,water_leak
data\pilot\images\water_leak\Image_389.jpeg,water_leak
data\pilot\images\water_leak\Image_380.jpeg,water_leak
data\pilot\images\water_leak\Image_107.jpg,water_leak
data\pilot\images\water_leak\Image_140.jpg,water_leak
data\pilot\images\water_leak\Image_36.jpg,water_leak
data\pilot\images\water_leak\Image_327.jpg,water_leak
data\pilot\images\water_leak\Image_242.jpg,water_leak
data\pilot\images\water_leak\Image_144.jpg,water_leak
data\pilot\images\water_leak\Image_342.jpg,water_leak
data\pilot\images\water_leak\Image_347.jpg,water_leak
data\pilot\images\water_leak\Image_193.jpg,water_leak
data\pilot\images\water_leak\Image_159.jpeg,water_leak
data\pilot\images\water_leak\Image_220.png,water_leak
data\pilot\images\water_leak\Image_80.jpg,water_leak
data\pilot\images\water_leak\Image_137.jpg,water_leak
data\pilot\images\water_leak\Image_330.jpg,water_leak
data\pilot\images\water_leak\Image_329.jpg,water_leak
data\pilot\images\water_leak\Image_324.jpg,water_leak
